Workbook

Sheet 📋 Kontaktliste
A1: 🏠 Umzugsunternehmen – Kontakt & Tracking-Liste
A2: Erstellt: 19.04.2026 | 12 Städte | 88 Unternehmen
A3: Nr. | B3: Stadt | C3: Firmenname | D3: Anrede (Mail) | E3: E-Mail-Adresse | F3: Website | G3: Mail 1 gesendet am | H3: Mail 1 Status | I3: Antwort erhalten? | J3: Antwort datum | K3: Mail 2 gesendet am | L3: Mail 2 Status | M3: Gesamt- Status | N3: Notizen / Ergebnis | O3: n8n Job-ID
A4: 1 | B4: Hamburg | C4: Rudolph Umzüge | D4: Liebes Rudolph Umzüge Team, | E4: info@rudolph-umzuege.de | F4: rudolph-umzuege.de | H4: ⏳ Ausstehend | I4: — | L4: ⏳ Ausstehend | M4: 🟡 Offen
A5: 2 | B5: Hamburg | C5: Umzugslogistik Hamburg | D5: Liebes Umzugslogistik Hamburg Team, | E5: info@umzugslogistik.hamburg | F5: umzugslogistik.hamburg | H5: ⏳ Ausstehend | I5: — | L5: ⏳ Ausstehend | M5: 🟡 Offen
A6: 3 | B6: Hamburg | C6: Carl Hahn Möbeltransporte | D6: Liebes Carl Hahn Möbeltransporte Team, | E6: info@carlhahn.de | F6: carlhahn.de | H6: ⏳ Ausstehend | I6: — | L6: ⏳ Ausstehend | M6: 🟡 Offen
A7: 4 | B7: Hamburg | C7: HMP Umzüge | D7: Liebes HMP Umzüge Team, | E7: info@hmp-umzug.de | F7: umzug-hamburg.com | H7: ⏳ Ausstehend | I7: — | L7: ⏳ Ausstehend | M7: 🟡 Offen
A8: 5 | B8: Hamburg | C8: Die Möbel Packer | D8: Liebes Die Möbel Packer Team, | E8: info@diemoebel-packer.de | F8: diemoebel-packer.de | H8: ⏳ Ausstehend | I8: — | L8: ⏳ Ausstehend | M8: 🟡 Offen
A9: 6 | B9: Hamburg | C9: Paul Filter Möbelspedition | D9: Liebes Paul Filter Möbelspedition Team, | E9: info@filter-umzug.de | F9: filter-umzug.de | H9: ⏳ Ausstehend | I9: — | L9: ⏳ Ausstehend | M9: 🟡 Offen
A10: 7 | B10: Hamburg | C10: Transfair Umzug | D10: Liebes Transfair Umzug Team, | E10: info@transfair-umzug.de | F10: transfair-umzug.de | H10: ⏳ Ausstehend | I10: — | L10: ⏳ Ausstehend | M10: 🟡 Offen
A11: 8 | B11: Hamburg | C11: Umzugskerle | D11: Liebes Umzugskerle Team, | E11: info@umzugskerle.de | F11: umzugskerle.de | H11: ⏳ Ausstehend | I11: — | L11: ⏳ Ausstehend | M11: 🟡 Offen
A12: 9 | B12: Hamburg | C12: Hallo Umzug | D12: Liebes Hallo Umzug Team, | E12: info@halloumzug.de | F12: halloumzug.de | H12: ⏳ Ausstehend | I12: — | L12: ⏳ Ausstehend | M12: 🟡 Offen
A13: 10 | B13: Hannover | C13: D&L Umzugsservice GmbH | D13: Liebes D&L Umzugsservice GmbH Team, | E13: info@dl-umzugsservice.de | F13: dl-umzugsservice.de | H13: ⏳ Ausstehend | I13: — | L13: ⏳ Ausstehend | M13: 🟡 Offen
A14: 11 | B14: Hannover | C14: Möbel Taxi Hannover | D14: Liebes Möbel Taxi Hannover Team, | E14: info@moebel-taxi-hannover.de | F14: moebel-taxi-hannover.de | H14: ⏳ Ausstehend | I14: — | L14: ⏳ Ausstehend | M14: 🟡 Offen
A15: 12 | B15: Hannover | C15: AllTransport24 | D15: Liebes AllTransport24 Team, | E15: webmaster@umzuege-hannover.net | F15: umzuege-hannover.net | H15: ⏳ Ausstehend | I15: — | L15: ⏳ Ausstehend | M15: 🟡 Offen
... A91: 88 | B91: Freiburg | C91: Zenith Umzüge | D91: Liebes Zenith Umzüge Team, | E91: info@zenith-umzuege.de | F91: zenith-umzuege.de | H91: ⏳ Ausstehend | I91: — | L91: ⏳ Ausstehend | M91: 🟡 Offen

Sheet 📊 Dashboard
A1: 📊 Dashboard – Tracking-Übersicht nach Stadt
A2: Stadt | B2: Gesamt | C2: Mail 1 gesendet | D2: Antwort erhalten | E2: Follow-up gesendet | F2: Kooperation | G2: Kein Interesse | H2: Offen
A3: Hamburg | B3: 9 | C3: =COUNTIF('📋 Kontaktliste'!H4:H12,"✅ Gesendet") -> 0 | D3: =COUNTIF('📋 Kontaktliste'!I4:I12,"✅ Ja") -> 0 | E3: =COUNTIF('📋 Kontaktliste'!L4:L12,"✅ Gesendet") -> 0 | F3: =COUNTIF('📋 Kontaktliste'!M4:M12,"🤝 Kooperation") -> 0 | G3: =COUNTIF('📋 Kontaktliste'!M4:M12,"❌ Kein Interesse") -> 0 | H3: =COUNTIF('📋 Kontaktliste'!M4:M12,"🟡 Offen") -> 9
A4: Hannover | B4: 9 | C4: =COUNTIF('📋 Kontaktliste'!H13:H21,"✅ Gesendet") -> 0 | D4: =COUNTIF('📋 Kontaktliste'!I13:I21,"✅ Ja") -> 0 | E4: =COUNTIF('📋 Kontaktliste'!L13:L21,"✅ Gesendet") -> 0 | F4: =COUNTIF('📋 Kontaktliste'!M13:M21,"🤝 Kooperation") -> 0 | G4: =COUNTIF('📋 Kontaktliste'!M13:M21,"❌ Kein Interesse") -> 0 | H4: =COUNTIF('📋 Kontaktliste'!M13:M21,"🟡 Offen") -> 9
A5: Köln | B5: 10 | C5: =COUNTIF('📋 Kontaktliste'!H22:H31,"✅ Gesendet") -> 0 | D5: =COUNTIF('📋 Kontaktliste'!I22:I31,"✅ Ja") -> 0 | E5: =COUNTIF('📋 Kontaktliste'!L22:L31,"✅ Gesendet") -> 0 | F5: =COUNTIF('📋 Kontaktliste'!M22:M31,"🤝 Kooperation") -> 0 | G5: =COUNTIF('📋 Kontaktliste'!M22:M31,"❌ Kein Interesse") -> 0 | H5: =COUNTIF('📋 Kontaktliste'!M22:M31,"🟡 Offen") -> 10
A6: Koblenz | B6: 6 | C6: =COUNTIF('📋 Kontaktliste'!H32:H37,"✅ Gesendet") -> 0 | D6: =COUNTIF('📋 Kontaktliste'!I32:I37,"✅ Ja") -> 0 | E6: =COUNTIF('📋 Kontaktliste'!L32:L37,"✅ Gesendet") -> 0 | F6: =COUNTIF('📋 Kontaktliste'!M32:M37,"🤝 Kooperation") -> 0 | G6: =COUNTIF('📋 Kontaktliste'!M32:M37,"❌ Kein Interesse") -> 0 | H6: =COUNTIF('📋 Kontaktliste'!M32:M37,"🟡 Offen") -> 6
A7: Trier | B7: 6 | C7: =COUNTIF('📋 Kontaktliste'!H38:H43,"✅ Gesendet") -> 0 | D7: =COUNTIF('📋 Kontaktliste'!I38:I43,"✅ Ja") -> 0 | E7: =COUNTIF('📋 Kontaktliste'!L38:L43,"✅ Gesendet") -> 0 | F7: =COUNTIF('📋 Kontaktliste'!M38:M43,"🤝 Kooperation") -> 0 | G7: =COUNTIF('📋 Kontaktliste'!M38:M43,"❌ Kein Interesse") -> 0 | H7: =COUNTIF('📋 Kontaktliste'!M38:M43,"🟡 Offen") -> 6
A8: Erfurt | B8: 7 | C8: =COUNTIF('📋 Kontaktliste'!H44:H50,"✅ Gesendet") -> 0 | D8: =COUNTIF('📋 Kontaktliste'!I44:I50,"✅ Ja") -> 0 | E8: =COUNTIF('📋 Kontaktliste'!L44:L50,"✅ Gesendet") -> 0 | F8: =COUNTIF('📋 Kontaktliste'!M44:M50,"🤝 Kooperation") -> 0 | G8: =COUNTIF('📋 Kontaktliste'!M44:M50,"❌ Kein Interesse") -> 0 | H8: =COUNTIF('📋 Kontaktliste'!M44:M50,"🟡 Offen") -> 7
A9: Dresden | B9: 8 | C9: =COUNTIF('📋 Kontaktliste'!H51:H58,"✅ Gesendet") -> 0 | D9: =COUNTIF('📋 Kontaktliste'!I51:I58,"✅ Ja") -> 0 | E9: =COUNTIF('📋 Kontaktliste'!L51:L58,"✅ Gesendet") -> 0 | F9: =COUNTIF('📋 Kontaktliste'!M51:M58,"🤝 Kooperation") -> 0 | G9: =COUNTIF('📋 Kontaktliste'!M51:M58,"❌ Kein Interesse") -> 0 | H9: =COUNTIF('📋 Kontaktliste'!M51:M58,"🟡 Offen") -> 8
A10: Leipzig | B10: 8 | C10: =COUNTIF('📋 Kontaktliste'!H59:H66,"✅ Gesendet") -> 0 | D10: =COUNTIF('📋 Kontaktliste'!I59:I66,"✅ Ja") -> 0 | E10: =COUNTIF('📋 Kontaktliste'!L59:L66,"✅ Gesendet") -> 0 | F10: =COUNTIF('📋 Kontaktliste'!M59:M66,"🤝 Kooperation") -> 0 | G10: =COUNTIF('📋 Kontaktliste'!M59:M66,"❌ Kein Interesse") -> 0 | H10: =COUNTIF('📋 Kontaktliste'!M59:M66,"🟡 Offen") -> 8
A11: Nürnberg | B11: 7 | C11: =COUNTIF('📋 Kontaktliste'!H67:H73,"✅ Gesendet") -> 0 | D11: =COUNTIF('📋 Kontaktliste'!I67:I73,"✅ Ja") -> 0 | E11: =COUNTIF('📋 Kontaktliste'!L67:L73,"✅ Gesendet") -> 0 | F11: =COUNTIF('📋 Kontaktliste'!M67:M73,"🤝 Kooperation") -> 0 | G11: =COUNTIF('📋 Kontaktliste'!M67:M73,"❌ Kein Interesse") -> 0 | H11: =COUNTIF('📋 Kontaktliste'!M67:M73,"🟡 Offen") -> 7
A12: München | B12: 7 | C12: =COUNTIF('📋 Kontaktliste'!H74:H80,"✅ Gesendet") -> 0 | D12: =COUNTIF('📋 Kontaktliste'!I74:I80,"✅ Ja") -> 0 | E12: =COUNTIF('📋 Kontaktliste'!L74:L80,"✅ Gesendet") -> 0 | F12: =COUNTIF('📋 Kontaktliste'!M74:M80,"🤝 Kooperation") -> 0 | G12: =COUNTIF('📋 Kontaktliste'!M74:M80,"❌ Kein Interesse") -> 0 | H12: =COUNTIF('📋 Kontaktliste'!M74:M80,"🟡 Offen") -> 7
A13: Stuttgart | B13: 6 | C13: =COUNTIF('📋 Kontaktliste'!H81:H86,"✅ Gesendet") -> 0 | D13: =COUNTIF('📋 Kontaktliste'!I81:I86,"✅ Ja") -> 0 | E13: =COUNTIF('📋 Kontaktliste'!L81:L86,"✅ Gesendet") -> 0 | F13: =COUNTIF('📋 Kontaktliste'!M81:M86,"🤝 Kooperation") -> 0 | G13: =COUNTIF('📋 Kontaktliste'!M81:M86,"❌ Kein Interesse") -> 0 | H13: =COUNTIF('📋 Kontaktliste'!M81:M86,"🟡 Offen") -> 6
A14: Freiburg | B14: 5 | C14: =COUNTIF('📋 Kontaktliste'!H87:H91,"✅ Gesendet") -> 0 | D14: =COUNTIF('📋 Kontaktliste'!I87:I91,"✅ Ja") -> 0 | E14: =COUNTIF('📋 Kontaktliste'!L87:L91,"✅ Gesendet") -> 0 | F14: =COUNTIF('📋 Kontaktliste'!M87:M91,"🤝 Kooperation") -> 0 | G14: =COUNTIF('📋 Kontaktliste'!M87:M91,"❌ Kein Interesse") -> 0 | H14: =COUNTIF('📋 Kontaktliste'!M87:M91,"🟡 Offen") -> 5
A15: GESAMT | B15: =SUM(B3:B14) -> 88 | C15: =SUM(C3:C14) -> 0 | D15: =SUM(D3:D14) -> 0 | E15: =SUM(E3:E14) -> 0 | F15: =SUM(F3:F14) -> 0 | G15: =SUM(G3:G14) -> 0 | H15: =SUM(H3:H14) -> 88

Sheet 🤖 n8n Workflow
A1: 🤖 n8n Workflow – Mail-Versand Automatisierung
A3: WORKFLOW AUFBAU
A4: Node 1 | B4: 📅 Schedule Trigger oder manueller Start
A5: Node 2 | B5: 📊 Google Sheets / Excel: Zeilen lesen (Status = 'Offen')
A6: Node 3 | B6: 🔀 IF: E-Mail vorhanden? (kein 'keine E-Mail gefunden')
A7: Node 4 | B7: ✉️ Gmail / SMTP: Mail 1 senden mit Feldern unten
A8: Node 5 | B8: 📝 Sheets updaten: Mail 1 Datum + Status auf '✅ Gesendet'
A9: Node 6 | B9: ⏰ Wait Node (z.B. 7 Tage) → dann auf Antwort prüfen
A10: Node 7 | B10: 📊 Sheets lesen: Antwort = '—'? → Follow-up Mail senden
A11: Node 8 | B11: ✉️ Gmail / SMTP: Mail 2 senden
A12: Node 9 | B12: 📝 Sheets updaten: Mail 2 Datum + Status
A14: MAIL-FELDER | B14: Wert / n8n Variable
A15: An (To) | B15: {{ $json.E-Mail-Adresse }}
A16: Betreff | B16: Kooperationsanfrage – Ihr Umzugsservice in {{ $json.Stadt }}
... A25: TIPP | B25: Füge eine 'Error Handler' Node ein für fehlgeschlagene Mails (→ Status '❌ Fehler')
